-- phpMyAdmin SQL Dump
-- version 4.7.2
-- https://www.phpmyadmin.net/
--
-- Host: localhost
-- Generation Time: Apr 20, 2018 at 07:59 PM
-- Server version: 5.6.35
-- PHP Version: 7.1.6

SET SQL_MODE = "NO_AUTO_VALUE_ON_ZERO";
SET time_zone = "+00:00";


/*!40101 SET @OLD_CHARACTER_SET_CLIENT=@@CHARACTER_SET_CLIENT */;
/*!40101 SET @OLD_CHARACTER_SET_RESULTS=@@CHARACTER_SET_RESULTS */;
/*!40101 SET @OLD_COLLATION_CONNECTION=@@COLLATION_CONNECTION */;
/*!40101 SET NAMES utf8mb4 */;

--
-- Database: `db_new_movies`
--

-- --------------------------------------------------------

--
-- Table structure for table `tbl_arating`
--

CREATE TABLE `tbl_arating` (
  `arating_id` smallint(5) UNSIGNED NOT NULL,
  `arating_name` varchar(125) NOT NULL,
  `arating_desc` text NOT NULL
) ENGINE=InnoDB DEFAULT CHARSET=utf8 ROW_FORMAT=COMPACT;

--
-- Dumping data for table `tbl_arating`
--

INSERT INTO `tbl_arating` (`arating_id`, `arating_name`, `arating_desc`) VALUES
(1, 'G', 'G – General Audiences\r\nAll ages admitted. Nothing that would offend parents for viewing by children. '),
(2, 'PG', 'PG – Parental Guidance Suggested\r\nSome material may not be suitable for children. Parents urged to give  	&ldquo;parental guidance&rdquo;. '),
(3, 'PG-13', 'PG-13 – Parents Strongly Cautioned\r\nSome material may be inappropriate for children under 13. Parents are urged to be cautious. Some material may be inappropriate for pre-teenagers.'),
(4, 'R', 'R – Restricted\r\nUnder 17 requires accompanying parent or adult guardian. Contains some adult material. Parents are urged to learn more about the film before taking their young children with them. '),
(5, 'NC-17', 'NC-17 – Adults Only\r\nNo One 17 and Under Admitted. Clearly adult. Children are not admitted. ');

-- --------------------------------------------------------

--
-- Table structure for table `tbl_cast`
--

CREATE TABLE `tbl_cast` (
  `cast_id` mediumint(8) UNSIGNED NOT NULL,
  `cast_name` varchar(250) NOT NULL
) ENGINE=InnoDB DEFAULT CHARSET=utf8;

--
-- Dumping data for table `tbl_cast`
--

INSERT INTO `tbl_cast` (`cast_id`, `cast_name`) VALUES
(36, 'Amy Adams'),
(26, 'Andrew Garfield'),
(8, 'Aneurin Barnard'),
(42, 'Anna Kendrick'),
(14, 'Boyd Holbrook'),
(5, 'Bradley Cooper'),
(1, 'Chris Pratt'),
(19, 'Colm Hill'),
(13, 'Dafne Keen'),
(7, 'Damien Bonnard'),
(22, 'Dan Stevens'),
(30, 'Darcy Bryce'),
(3, 'Dave Bautista'),
(33, 'Ed Skrein'),
(21, 'Emma Watson'),
(6, 'Fionn Whitehead'),
(38, 'Forest Whitaker'),
(46, 'Harrison Ford'),
(11, 'Hugh Jackman'),
(28, 'Jacob Warner'),
(10, 'James Bloor'),
(37, 'Jeremy Renner'),
(45, 'Joseph Gordon-Levitt'),
(24, 'Josh Gad'),
(32, 'Karan Soni'),
(20, 'Kathryn Kirkpatrick'),
(25, 'Kevin Kline'),
(9, 'Lee Armstrong'),
(43, 'Leonardo DiCaprio'),
(23, 'Luke Evans'),
(40, 'Mark OBrien'),
(34, 'Michael Benyaer'),
(18, 'Michael Mitton'),
(39, 'Michael Stuhlbarg'),
(47, 'Miles Teller'),
(29, 'Milo Gibson'),
(12, 'Patrick Stewart'),
(27, 'Richard Pyros'),
(31, 'Ryan Reynolds'),
(52, 'Sandra Bullock'),
(44, 'Saoirse Ronan'),
(17, 'Sheena Kamal'),
(35, 'Stefan Kapicic'),
(15, 'Stephen Merchant'),
(53, 'Suraj Sharma'),
(16, 'Tilda Swinton'),
(41, 'Tom Costello'),
(4, 'Vin Diesel'),
(2, 'Zoe Saldana');

-- --------------------------------------------------------

--
-- Table structure for table `tbl_comments`
--

CREATE TABLE `tbl_comments` (
  `comments_id` mediumint(8) UNSIGNED NOT NULL,
  `comments_auth` varchar(125) DEFAULT NULL,
  `comments_copy` text NOT NULL,
  `comments_date` timestamp NOT NULL DEFAULT CURRENT_TIMESTAMP,
  `comments_movie` int(11) NOT NULL,
  `comments_rating` int(11) NOT NULL
) ENGINE=InnoDB DEFAULT CHARSET=utf8;

--
-- Dumping data for table `tbl_comments`
--

INSERT INTO `tbl_comments` (`comments_id`, `comments_auth`, `comments_copy`, `comments_date`, `comments_movie`, `comments_rating`) VALUES
(1, NULL, 'I love this film! Wes Anderson is so creative, taking such a  cute story into a full cinematic masterpiece!', '2018-04-20 00:51:53', 5, 5);

-- --------------------------------------------------------

--
-- Table structure for table `tbl_country`
--

CREATE TABLE `tbl_country` (
  `country_id` smallint(3) NOT NULL,
  `country_name` varchar(100) NOT NULL
) ENGINE=InnoDB DEFAULT CHARSET=utf8 ROW_FORMAT=COMPACT;

--
-- Dumping data for table `tbl_country`
--

INSERT INTO `tbl_country` (`country_id`, `country_name`) VALUES
(1, 'Albania'),
(2, 'Algeria'),
(3, 'Andorra'),
(4, 'Angola'),
(5, 'Anguilla'),
(6, 'Antarctica'),
(7, 'Antigua'),
(8, 'Antilles'),
(9, 'Argentina'),
(10, 'Armenia'),
(11, 'Aruba'),
(12, 'Australia'),
(13, 'Austria'),
(14, 'Azerbaijan'),
(15, 'Bahamas'),
(16, 'Bangladesh'),
(17, 'Barbados'),
(18, 'Belarus'),
(19, 'Belgium'),
(20, 'Belize'),
(21, 'Benin'),
(22, 'Bermuda'),
(23, 'Bhutan'),
(24, 'Bolivia'),
(25, 'Bosnia'),
(26, 'Botswana'),
(27, 'Brazil'),
(28, 'Brunei'),
(29, 'Bulgaria'),
(30, 'Burkina Faso'),
(31, 'Burundi'),
(32, 'Cambodia'),
(33, 'Cameroon'),
(34, 'Canada'),
(35, 'Cape Verde'),
(36, 'Cayman Islands'),
(37, 'Central Africa'),
(38, 'Chad'),
(39, 'Chile'),
(40, 'China'),
(41, 'Colombia'),
(42, 'Comoros'),
(43, 'Congo'),
(44, 'Cook Islands'),
(45, 'Costa Rica'),
(46, 'Cote D\'Ivoire'),
(47, 'Croatia'),
(48, 'Cuba'),
(49, 'Cyprus'),
(50, 'Czech Republic'),
(51, 'Denmark'),
(52, 'Djibouti'),
(53, 'Dominica'),
(54, 'Dominican Rep.'),
(55, 'Ecuador'),
(56, 'Egypt'),
(57, 'El Salvador'),
(58, 'Eritrea'),
(59, 'Estonia'),
(60, 'Ethiopia'),
(61, 'Fiji'),
(62, 'Finland'),
(63, 'Falkland Islands'),
(64, 'France'),
(65, 'Gabon'),
(66, 'Gambia'),
(67, 'Georgia'),
(68, 'Germany'),
(69, 'Ghana'),
(70, 'Gibraltar'),
(71, 'Greece'),
(72, 'Greenland'),
(73, 'Grenada'),
(74, 'Guam'),
(75, 'Guatemala'),
(76, 'Guiana'),
(77, 'Guinea'),
(78, 'Guyana'),
(79, 'Haiti'),
(80, 'Hondoras'),
(81, 'Hong Kong'),
(82, 'Hungary'),
(83, 'Iceland'),
(84, 'India'),
(85, 'Indonesia'),
(86, 'Iran'),
(87, 'Iraq'),
(88, 'Ireland'),
(89, 'Israel'),
(90, 'Italy'),
(91, 'Jamaica'),
(92, 'Japan'),
(93, 'Jordan'),
(94, 'Kazakhstan'),
(95, 'Kenya'),
(96, 'Kiribati'),
(97, 'Korea'),
(98, 'Kyrgyzstan'),
(99, 'Lao'),
(100, 'Latvia'),
(101, 'Lesotho'),
(102, 'Liberia'),
(103, 'Liechtenstein'),
(104, 'Lithuania'),
(105, 'Luxembourg'),
(106, 'Macau'),
(107, 'Macedonia'),
(108, 'Madagascar'),
(109, 'Malawi'),
(110, 'Malaysia'),
(111, 'Maldives'),
(112, 'Mali'),
(113, 'Malta'),
(114, 'Marshal Islands'),
(115, 'Martinique'),
(116, 'Mauritania'),
(117, 'Mauritius'),
(118, 'Mayotte'),
(119, 'Mexico'),
(120, 'Micronesia'),
(121, 'Moldova'),
(122, 'Monaco'),
(123, 'Mongolia'),
(124, 'Montserrat'),
(125, 'Morocco'),
(126, 'Mozambique'),
(127, 'Myanmar'),
(128, 'Namibia'),
(129, 'Nauru'),
(130, 'Nepal'),
(131, 'Netherlands'),
(132, 'New Caledonia'),
(133, 'New Guinea'),
(134, 'New Zealand'),
(135, 'Nicaragua'),
(136, 'Nigeria'),
(137, 'Niue'),
(138, 'Norfolk Island'),
(139, 'Norway'),
(140, 'Palau'),
(141, 'Panama'),
(142, 'Paraguay'),
(143, 'Peru'),
(144, 'Puerto'),
(145, 'Philippines'),
(146, 'Poland'),
(147, 'Polynesia'),
(148, 'Portugal'),
(149, 'Romania'),
(150, 'Russia'),
(151, 'Rwanda'),
(152, 'Saint Lucia'),
(153, 'Samoa'),
(154, 'San Marino'),
(155, 'Senegal'),
(156, 'Seychelles'),
(157, 'Sierra Leone'),
(158, 'Singapore'),
(159, 'Slovakia'),
(160, 'Slovenia'),
(161, 'Somalia'),
(162, 'South Africa'),
(163, 'Spain'),
(164, 'Sri Lanka'),
(165, 'St. Helena'),
(166, 'Sudan'),
(167, 'Suriname'),
(168, 'Swaziland'),
(169, 'Sweden'),
(170, 'Switzerland'),
(171, 'Taiwan'),
(172, 'Tajikistan'),
(173, 'Tanzania'),
(174, 'Thailand'),
(175, 'Togo'),
(176, 'Tokelau'),
(177, 'Tonga'),
(178, 'Trinidad'),
(179, 'Tunisia'),
(180, 'Turkey'),
(181, 'Uganda'),
(182, 'Ukraine'),
(183, 'United Kingdom'),
(184, 'United States'),
(185, 'Uruguay'),
(186, 'Uzbekistan'),
(187, 'Vanuatu'),
(188, 'Venezuela'),
(189, 'Vietnam'),
(190, 'Virgin Islands'),
(191, 'Yugoslavia'),
(192, 'Zaire'),
(193, 'Zambia'),
(194, 'Zimbabwe');

-- --------------------------------------------------------

--
-- Table structure for table `tbl_director`
--

CREATE TABLE `tbl_director` (
  `director_id` smallint(5) UNSIGNED NOT NULL,
  `director_name` varchar(250) NOT NULL
) ENGINE=InnoDB DEFAULT CHARSET=utf8;

--
-- Dumping data for table `tbl_director`
--

INSERT INTO `tbl_director` (`director_id`, `director_name`) VALUES
(1, 'James Gunn'),
(2, 'Christopher Nolan'),
(3, 'James Mangold'),
(4, 'Joon-ho Bong'),
(5, 'Bill Condon'),
(6, 'Mel Gibson'),
(7, 'Tim Miller'),
(8, 'Denis Villeneuve '),
(9, 'Dexter Fletcher'),
(10, 'Mike Mitchell'),
(11, 'Walt Dohrn'),
(12, 'Alejandro Gonzalez Inarritu'),
(13, 'John Crowley '),
(14, 'Robert Zemeckis'),
(15, 'Florian Gallenberger '),
(16, 'J.J. Abrams'),
(17, 'Damien Chazelle'),
(18, 'Joseph Gordon-Levitt '),
(19, 'Alfonso Cuaron'),
(20, 'Ang Lee'),
(21, 'David O. Russell');

-- --------------------------------------------------------

--
-- Table structure for table `tbl_genre`
--

CREATE TABLE `tbl_genre` (
  `genre_id` tinyint(3) UNSIGNED NOT NULL,
  `genre_name` varchar(125) NOT NULL
) ENGINE=InnoDB DEFAULT CHARSET=utf8;

--
-- Dumping data for table `tbl_genre`
--

INSERT INTO `tbl_genre` (`genre_id`, `genre_name`) VALUES
(1, 'Action'),
(2, 'Adventure'),
(3, 'Comedy'),
(4, 'Crime'),
(5, 'Drama'),
(6, 'Historical'),
(7, 'Horror'),
(8, 'Musical'),
(9, 'Science Fiction'),
(10, 'War'),
(11, 'Western'),
(12, 'Animation'),
(13, 'Family'),
(14, 'Fantasy'),
(15, 'Romance'),
(16, 'Sport');

-- --------------------------------------------------------

--
-- Table structure for table `tbl_language`
--

CREATE TABLE `tbl_language` (
  `lang_id` smallint(5) UNSIGNED NOT NULL,
  `lang_name` varchar(250) NOT NULL
) ENGINE=InnoDB DEFAULT CHARSET=utf8;

--
-- Dumping data for table `tbl_language`
--

INSERT INTO `tbl_language` (`lang_id`, `lang_name`) VALUES
(1, 'Abkhaz'),
(2, 'Afar'),
(3, 'Afrikaans'),
(4, 'Akan'),
(5, 'Albanian'),
(6, 'Amharic'),
(7, 'Arabic'),
(8, 'Aragonese'),
(9, 'Armenian'),
(10, 'Assamese'),
(11, 'Avaric'),
(12, 'Avestan'),
(13, 'Aymara'),
(14, 'Azerbaijani'),
(15, 'Bambara'),
(16, 'Bashkir'),
(17, 'Basque'),
(18, 'Belarusian'),
(19, 'Bengali'),
(20, 'Bihari'),
(21, 'Bislama'),
(22, 'Bosnian'),
(23, 'Breton'),
(24, 'Bulgarian'),
(25, 'Burmese'),
(26, 'Catalan'),
(27, 'Valencian'),
(28, 'Chamorro'),
(29, 'Chechen'),
(30, 'Chichewa'),
(31, 'Chewa'),
(32, 'Nyanja'),
(33, 'Chinese'),
(34, 'Chuvash'),
(35, 'Cornish'),
(36, 'Corsican'),
(37, 'Cree'),
(38, 'Croatian'),
(39, 'Czech'),
(40, 'Danish'),
(41, 'Divehi'),
(42, 'Dhivehi'),
(43, 'Maldivian'),
(44, 'Dutch'),
(45, 'English'),
(46, 'Esperanto'),
(47, 'Estonian'),
(48, 'Ewe'),
(49, 'Faroese'),
(50, 'Fijian'),
(51, 'Finnish'),
(52, 'French'),
(53, 'Fula'),
(54, 'Fulah'),
(55, 'Pulaar'),
(56, 'Pular'),
(57, 'Galician'),
(58, 'Georgian'),
(59, 'German'),
(60, 'Greek'),
(61, 'Guaraní'),
(62, 'Gujarati'),
(63, 'Haitian'),
(64, 'Haitian Creole'),
(65, 'Hausa'),
(66, 'Hebrew'),
(67, 'Herero'),
(68, 'Hindi'),
(69, 'Hiri Motu'),
(70, 'Hungarian'),
(71, 'Interlingua'),
(72, 'Indonesian'),
(73, 'Interlingue'),
(74, 'Irish'),
(75, 'Igbo'),
(76, 'Inupiaq'),
(77, 'Ido'),
(78, 'Icelandic'),
(79, 'Italian'),
(80, 'Inuktitut'),
(81, 'Japanese'),
(82, 'Javanese'),
(83, 'Kalaallisut'),
(84, 'Greenlandic'),
(85, 'Kannada'),
(86, 'Kanuri'),
(87, 'Kashmiri'),
(88, 'Kazakh'),
(89, 'Khmer'),
(90, 'Kikuyu'),
(91, 'Gikuyu'),
(92, 'Kinyarwanda'),
(93, 'Kirghiz'),
(94, 'Kyrgyz'),
(95, 'Komi'),
(96, 'Kongo'),
(97, 'Korean'),
(98, 'Kurdish'),
(99, 'Kwanyama'),
(100, 'Kuanyama'),
(101, 'Latin'),
(102, 'Luxembourgish'),
(103, 'Letzeburgesch'),
(104, 'Luganda'),
(105, 'Limburgish'),
(106, 'Limburgan'),
(107, 'Limburger'),
(108, 'Lingala'),
(109, 'Lao'),
(110, 'Lithuanian'),
(111, 'Luba-Katanga'),
(112, 'Latvian'),
(113, 'Manx'),
(114, 'Macedonian'),
(115, 'Malagasy'),
(116, 'Malay'),
(117, 'Malayalam'),
(118, 'Maltese'),
(119, 'Maori'),
(120, 'Marathi'),
(121, 'Marshallese'),
(122, 'Mongolian'),
(123, 'Nauru'),
(124, 'Navajo'),
(125, 'Navaho'),
(126, 'Norwegian Bokmal'),
(127, 'North Ndebele'),
(128, 'Nepali'),
(129, 'Ndonga'),
(130, 'Norwegian Nynorsk'),
(131, 'Norwegian'),
(132, 'Nuosu'),
(133, 'South Ndebele'),
(134, 'Occitan'),
(135, 'Ojibwe'),
(136, 'Ojibwa'),
(137, 'Old Church Slavonic'),
(138, 'Church Slavic'),
(139, 'Church Slavonic'),
(140, 'Old Bulgarian'),
(141, 'Old Slavonic'),
(142, 'Oromo'),
(143, 'Oriya'),
(144, 'Ossetian'),
(145, 'Ossetic'),
(146, 'Panjabi'),
(147, 'Punjabi'),
(148, 'Pali'),
(149, 'Persian'),
(150, 'Polish'),
(151, 'Pashto'),
(152, 'Pushto'),
(153, 'Portuguese'),
(154, 'Quechua'),
(155, 'Romansh'),
(156, 'Kirundi'),
(157, 'Romanian'),
(158, 'Moldavian'),
(159, 'Moldovan'),
(160, 'Russian'),
(161, 'Sanskrit'),
(162, 'Sardinian'),
(163, 'Sindhi'),
(164, 'Northern Sami'),
(165, 'Samoan'),
(166, 'Sango'),
(167, 'Serbian'),
(168, 'Scottish Gaelic'),
(169, 'Gaelic'),
(170, 'Shona'),
(171, 'Sinhala'),
(172, 'Sinhalese'),
(173, 'Slovak'),
(174, 'Slovene'),
(175, 'Somali'),
(176, 'Southern Sotho'),
(177, 'Spanish'),
(178, 'Castilian'),
(179, 'Sundanese'),
(180, 'Swahili'),
(181, 'Swati'),
(182, 'Swedish'),
(183, 'Tamil'),
(184, 'Telugu'),
(185, 'Tajik'),
(186, 'Thai'),
(187, 'Tigrinya'),
(188, 'Tibetan Standard'),
(189, 'Tibetan'),
(190, 'Turkmen'),
(191, 'Tagalog'),
(192, 'Tswana'),
(193, 'Tonga'),
(194, 'Turkish'),
(195, 'Tsonga'),
(196, 'Tatar'),
(197, 'Twi'),
(198, 'Tahitian'),
(199, 'Uighur'),
(200, 'Uyghur'),
(201, 'Ukrainian'),
(202, 'Urdu'),
(203, 'Uzbek'),
(204, 'Venda'),
(205, 'Vietnamese'),
(206, 'Volapuk'),
(207, 'Walloon'),
(208, 'Welsh'),
(209, 'Wolof'),
(210, 'Western Frisian'),
(211, 'Xhosa'),
(212, 'Yiddish'),
(213, 'Yoruba'),
(214, 'Zhuang'),
(215, 'Chuang');

-- --------------------------------------------------------

--
-- Table structure for table `tbl_movies`
--

CREATE TABLE `tbl_movies` (
  `movies_id` mediumint(8) UNSIGNED NOT NULL,
  `movies_cover` varchar(75) NOT NULL DEFAULT 'cover_default.jpg',
  `movies_title` varchar(125) NOT NULL,
  `movies_year` varchar(5) NOT NULL,
  `movies_runtime` varchar(25) NOT NULL,
  `movies_storyline` text NOT NULL,
  `movies_trailer` varchar(75) NOT NULL DEFAULT 'trailer_default.jpg',
  `movies_release` varchar(125) NOT NULL
) ENGINE=InnoDB DEFAULT CHARSET=utf8;

--
-- Dumping data for table `tbl_movies`
--

INSERT INTO `tbl_movies` (`movies_id`, `movies_cover`, `movies_title`, `movies_year`, `movies_runtime`, `movies_storyline`, `movies_trailer`, `movies_release`) VALUES
(1, 'wherethewildthingsare.jpg', 'Where The Wild Things Are', '2009', '1hr 41mins', 'Yearning for escape and adventure, a young boy runs away from home and sails to an island filled with creatures that take him in as their king.', 'wherethewildthingsare.mp4', '16 October 2009'),
(2, 'boyhood.jpg', 'Boyhood', '2014', '2hr 45mins', 'Filmed over short periods from 2002 - 2013, Boyhood is a ground-breaking cinematic experience covering 12 years in the life of a family. At the centre is Mason, who with his sister Samantha, is taken on an emotional and transcendent journey through the years, from childhood to adulthood.', 'boyhood.mp4', '15 August 2014'),
(3, 'theroadwithin.jpg', 'The Road Within', '2014', '1hr 40mins', 'A young man with Tourette\'s Syndrome embarks on a road trip with his recently-deceased mother\'s ashes.', 'theroadwithin.mp4', '4 June 2015'),
(4, 'wishiwashere.jpg', 'Wish I Was Here', '2014', '1h4 46mins', 'A struggling actor, father and husband finds himself at a major crossroads, which forces him to examine his life, his family and his career.', 'wishiwashere.mp4', '24 July 2014'),
(5, 'moonrisekingdom.jpg', 'Moonrise Kingdom', '2012', '1hr 34mins', 'A pair of young lovers flee their New England town, which causes a local search party to fan out to find them.', 'moonrisekingdom.mp4', '29 June 2012'),
(6, 'thekingsofsummer.jpg', 'The Kings of Summer', '2013', '1hr 35mins', 'Three teenage friends, in the ultimate act of independence, decide to spend their summer building a house in the woods and living off the land.', 'thekingsofsummer.mp4', '23 August 2013'),
(7, 'whilewereyoung.jpg', 'While We\'re Young', '2014', '1hr 37mins', 'A middle-aged couple\'s career and marriage are overturned when a disarming young couple enters their lives.', 'whilewereyoung.mp4', '17 April 2015'),
(8, 'shortterm12.jpg', 'Short Term 12', '2013', '1hr 36mins', 'A 20-something supervising staff member of a residential treatment facility navigates the troubled waters of that world alongside her co-worker and longtime boyfriend.', 'shortterm12.mp4', '23 August 2013'),
(9, 'huntforthewilderpeople.jpg', 'Hunt For The Wilderpeople', '2016', '1hr 41mins', 'A national manhunt is ordered for a rebellious kid and his foster uncle who go missing in the wild New Zealand bush.', 'huntforthewilderpeople.mp4', '31 March 2013'),
(10, 'thegrandbudapesthotel.jpg', 'The Grand Budapest Hotel', '2014', '1hr 39mins', 'The adventures of Gustave H, a legendary concierge at a famous hotel from the fictional Republic of Zubrowka between the first and second World Wars, and Zero Moustafa, the lobby boy who becomes his most trusted friend.', 'thegrandbudapesthotel.mp4', '28 March 2014'),
(11, 'whatif.jpg', 'What If', '2013', '1hr 38min', 'Wallace, who is burned out from a string of failed relationships, forms an instant bond with Chantry, who lives with her longtime boyfriend. Together, they puzzle out what it means if your best friend is also the love of your life.', 'whatif.mp4', '15 August 2014'),
(12, 'anotherearth.jpg', 'Another Earth', '2011', '1hr 32mins', 'On the night of the discovery of a duplicate Earth in the Solar system, an ambitious young student and an accomplished composer cross paths in a tragic accident.', 'anotherearth.mp4', '12 October 2011'),
(13, 'thefifthelement.jpg', 'The Fifth Element', '1997', '2hr 6mins', 'In the colorful future, a cab driver unwittingly becomes the central figure in the search for a legendary cosmic weapon to keep Evil and Mr. Zorg at bay.', 'thefifthelement.mp4', '9 May 1997'),
(14, 'eternalsunshineofthespotlessmind.jpg', 'Eternal Sunshine of the Spotless Mind', '2004', '1hr 48mins', 'When their relationship turns sour, a young couple undergoes a medical procedure to have each other erased from their memories.', 'eternalsunshineofthespotlessmind.mp4', '19 March 2009'),
(15, 'crazystupidlove.jpg', 'Crazy, Stupid, Love.', '2011', '1hr 58mins', 'A middle-aged husband\'s life changes dramatically when his wife asks him for a divorce. He seeks to rediscover his manhood with the help of a newfound friend, Jacob, learning to pick up girls at bars.', 'crazystupidlove.mp4', '29 July 2011'),
(16, 'sevenpsychopaths.jpg', 'Seven Psychopaths', '2012', '1hr 50mins', 'A struggling screenwriter inadvertently becomes entangled in the Los Angeles criminal underworld after his oddball friends kidnap a gangster\'s beloved Shih Tzu.', 'sevenpsychopaths.mp4', '12 October 2012'),
(17, 'thedeparted.jpg', 'The Departed', '2006', '2hr 31mins', 'An undercover cop and a mole in the police attempt to identify each other while infiltrating an Irish gang in South Boston.', 'thedeparted.mp4', '6 October 2006'),
(18, 'thespectacularnow.jpg', 'The Spectacular Now', '2013', '1hr 35mins', 'A hard-partying high school senior\'s philosophy on life changes when he meets the not-so-typical \"nice girl.\"', 'thespectacularnow.mp4', '13 September 2013'),
(19, 'gardenstate.jpg', 'Garden State', '2004', '1hr 42mins', 'A quietly troubled young man returns home for his mother\'s funeral after being estranged from his family for a decade.', 'gardenstate.mp4', '20 August 2014'),
(20, 'itskindofafunnystory.jpg', 'It\'s Kind of a Funny Story', '2010', '1hr 41mins', 'A clinically depressed teenager gets a new start after he checks himself into an adult psychiatric ward.', 'itskindofafunnystory.mp4', '8 October 2010'),
(21, 'thetrumanshow.jpg', 'The Truman Show', '1998', '1hr 43mins', 'An insurance salesman/adjuster discovers his entire life is actually a television show.', 'thetrumanshow.mp4', '5 June 1998'),
(22, 'chappie.jpg', 'Chappie', '2015', '2hr', 'In the near future, crime is patrolled by a mechanized police force. When one police droid, Chappie, is stolen and given new programming, he becomes the first robot with the ability to think and feel for himself.', 'chappie.mp4', '6 March 2015'),
(23, 'rolemodels.jpg', 'Role Models', '2008', '1hr 39mins', 'Wild behavior forces a pair of energy drink reps to enroll in a Big Brother program.', 'rolemodels.mp4', '7 November 2008'),
(24, 'theartofgettingby.jpg', 'The Art of Getting By', '2011', '1hr 23mins', 'George, a lonely and fatalistic teen who has made it all the way to his senior year without ever having done a real day of work, is befriended by Sally, a popular but complicated girl who recognizes in him a kindred spirit.', 'theartofgettingby.mp4', '17 July 2011');

-- --------------------------------------------------------

--
-- Table structure for table `tbl_mov_cast`
--

CREATE TABLE `tbl_mov_cast` (
  `mov_cast_id` mediumint(8) UNSIGNED NOT NULL,
  `movies_id` mediumint(9) NOT NULL,
  `cast_id` mediumint(9) NOT NULL
) ENGINE=InnoDB DEFAULT CHARSET=utf8;

--
-- Dumping data for table `tbl_mov_cast`
--

INSERT INTO `tbl_mov_cast` (`mov_cast_id`, `movies_id`, `cast_id`) VALUES
(1, 1, 1),
(2, 1, 2),
(3, 1, 3),
(4, 1, 4),
(5, 1, 5),
(6, 2, 6),
(7, 2, 7),
(8, 2, 8),
(9, 2, 9),
(10, 2, 10),
(11, 3, 11),
(12, 3, 12),
(13, 3, 13),
(14, 3, 14),
(15, 3, 15),
(16, 4, 16),
(17, 4, 17),
(18, 4, 18),
(19, 4, 19),
(20, 4, 20),
(21, 5, 21),
(22, 5, 22),
(23, 5, 23),
(24, 5, 24),
(25, 5, 25),
(26, 6, 26),
(27, 6, 27),
(28, 6, 28),
(29, 6, 29),
(30, 6, 30),
(31, 7, 31),
(32, 7, 32),
(33, 7, 33),
(34, 7, 34),
(35, 7, 35),
(36, 8, 36),
(37, 8, 37),
(38, 8, 38),
(39, 8, 39),
(40, 8, 40),
(41, 9, 41),
(42, 10, 42),
(43, 11, 43),
(44, 12, 44),
(45, 13, 45),
(46, 14, 21),
(47, 15, 46),
(48, 16, 47),
(49, 17, 1),
(50, 18, 45),
(51, 19, 52),
(52, 20, 53),
(53, 21, 5);

-- --------------------------------------------------------

--
-- Table structure for table `tbl_mov_country`
--

CREATE TABLE `tbl_mov_country` (
  `mov_country_id` mediumint(8) UNSIGNED NOT NULL,
  `movies_id` mediumint(9) NOT NULL,
  `country_id` smallint(6) NOT NULL
) ENGINE=InnoDB DEFAULT CHARSET=utf8;

--
-- Dumping data for table `tbl_mov_country`
--

INSERT INTO `tbl_mov_country` (`mov_country_id`, `movies_id`, `country_id`) VALUES
(1, 1, 34),
(2, 1, 134),
(3, 1, 184),
(4, 2, 184),
(5, 2, 183),
(6, 2, 131),
(7, 2, 64),
(8, 3, 12),
(9, 3, 34),
(10, 3, 184),
(11, 4, 184),
(12, 4, 97),
(13, 5, 183),
(14, 5, 184),
(15, 6, 184),
(16, 6, 12),
(17, 7, 184),
(18, 8, 184),
(19, 9, 183),
(20, 9, 184),
(21, 9, 68),
(22, 10, 184),
(23, 11, 184),
(24, 11, 81),
(25, 11, 171);

-- --------------------------------------------------------

--
-- Table structure for table `tbl_mov_director`
--

CREATE TABLE `tbl_mov_director` (
  `mov_director_id` mediumint(8) UNSIGNED NOT NULL,
  `movies_id` mediumint(9) NOT NULL,
  `director_id` smallint(6) NOT NULL
) ENGINE=InnoDB DEFAULT CHARSET=utf8;

--
-- Dumping data for table `tbl_mov_director`
--

INSERT INTO `tbl_mov_director` (`mov_director_id`, `movies_id`, `director_id`) VALUES
(1, 1, 1),
(2, 2, 2),
(3, 3, 3),
(4, 4, 4),
(5, 5, 5),
(6, 6, 6),
(7, 7, 7),
(8, 8, 8),
(9, 9, 9),
(10, 10, 10),
(11, 10, 11),
(12, 11, 12),
(13, 12, 13),
(14, 13, 14),
(15, 14, 15),
(16, 15, 16),
(17, 16, 17),
(18, 17, 1),
(19, 18, 19),
(20, 19, 20),
(21, 20, 21);

-- --------------------------------------------------------

--
-- Table structure for table `tbl_mov_genre`
--

CREATE TABLE `tbl_mov_genre` (
  `mov_genre_id` mediumint(8) UNSIGNED NOT NULL,
  `movies_id` mediumint(9) NOT NULL,
  `genre_id` mediumint(9) NOT NULL
) ENGINE=InnoDB DEFAULT CHARSET=utf8;

--
-- Dumping data for table `tbl_mov_genre`
--

INSERT INTO `tbl_mov_genre` (`mov_genre_id`, `movies_id`, `genre_id`) VALUES
(1, 1, 2),
(2, 2, 5),
(3, 3, 3),
(4, 4, 3),
(5, 5, 2),
(6, 6, 2),
(7, 7, 3),
(8, 8, 5),
(9, 9, 2),
(10, 10, 2),
(11, 11, 15),
(12, 12, 9),
(13, 13, 9),
(14, 14, 5),
(15, 15, 15),
(16, 16, 3),
(17, 17, 4),
(18, 18, 3),
(19, 19, 5),
(20, 20, 5),
(21, 21, 9),
(22, 22, 9),
(23, 23, 3),
(24, 24, 15);

-- --------------------------------------------------------

--
-- Table structure for table `tbl_mov_lang`
--

CREATE TABLE `tbl_mov_lang` (
  `mov_lang_id` smallint(5) UNSIGNED NOT NULL,
  `movies_id` mediumint(9) NOT NULL,
  `language_id` smallint(6) NOT NULL
) ENGINE=InnoDB DEFAULT CHARSET=utf8;

--
-- Dumping data for table `tbl_mov_lang`
--

INSERT INTO `tbl_mov_lang` (`mov_lang_id`, `movies_id`, `language_id`) VALUES
(1, 1, 45),
(2, 2, 45),
(3, 2, 52),
(4, 2, 59),
(5, 3, 45),
(6, 3, 177),
(7, 4, 45),
(8, 4, 177),
(9, 4, 97),
(10, 5, 45),
(11, 6, 45),
(12, 6, 81),
(13, 7, 45),
(14, 8, 45),
(15, 8, 33),
(16, 8, 160),
(17, 9, 45),
(18, 9, 126),
(19, 9, 59),
(20, 10, 45),
(21, 11, 45),
(22, 11, 52);

-- --------------------------------------------------------

--
-- Table structure for table `tbl_mov_studio`
--

CREATE TABLE `tbl_mov_studio` (
  `mov_studio_id` mediumint(8) UNSIGNED NOT NULL,
  `movies_id` mediumint(9) NOT NULL,
  `studio_id` smallint(6) NOT NULL
) ENGINE=InnoDB DEFAULT CHARSET=utf8;

--
-- Dumping data for table `tbl_mov_studio`
--

INSERT INTO `tbl_mov_studio` (`mov_studio_id`, `movies_id`, `studio_id`) VALUES
(1, 1, 1),
(2, 2, 2),
(3, 3, 3),
(4, 4, 4),
(5, 5, 5),
(6, 6, 6),
(7, 7, 7),
(8, 8, 8),
(9, 9, 9),
(10, 10, 10),
(11, 11, 11),
(12, 12, 12),
(13, 13, 13),
(14, 14, 14),
(15, 15, 15),
(16, 16, 16),
(17, 17, 1),
(18, 18, 17),
(19, 19, 18),
(20, 20, 19),
(21, 21, 20);

-- --------------------------------------------------------

--
-- Table structure for table `tbl_studio`
--

CREATE TABLE `tbl_studio` (
  `studio_id` smallint(5) UNSIGNED NOT NULL,
  `studio_name` varchar(125) NOT NULL
) ENGINE=InnoDB DEFAULT CHARSET=utf8;

--
-- Dumping data for table `tbl_studio`
--

INSERT INTO `tbl_studio` (`studio_id`, `studio_name`) VALUES
(1, 'Marvel Studios'),
(2, 'Syncopy'),
(3, 'Donners Company'),
(4, 'Kate Street Picture Company'),
(5, 'Mandeville Films'),
(6, 'Cross Creek Pictures'),
(7, 'Twentieth Century Fox Film Corporation'),
(8, 'Lava Bear Films'),
(9, 'Hurwitz Creative'),
(10, 'DreamWorks Animation'),
(11, 'Regency Enterprises'),
(12, 'Wildgaze Films'),
(13, 'Sony Pictures Entertainment (SPE)'),
(14, 'Majestic Filmproduktion'),
(15, 'Lucasfilm'),
(16, 'Bold Films'),
(17, 'Voltage Pictures'),
(18, 'Warner Bros.'),
(19, 'Fox 2000 Pictures'),
(20, 'Weinstein Company');

-- --------------------------------------------------------

--
-- Table structure for table `tbl_urating`
--

CREATE TABLE `tbl_urating` (
  `rating_id` tinyint(3) UNSIGNED NOT NULL,
  `rating_number` tinyint(4) NOT NULL
) ENGINE=InnoDB DEFAULT CHARSET=utf8;

-- --------------------------------------------------------

--
-- Table structure for table `tbl_user`
--

CREATE TABLE `tbl_user` (
  `user_id` mediumint(8) UNSIGNED NOT NULL,
  `user_fname` varchar(250) NOT NULL,
  `user_name` varchar(250) NOT NULL,
  `user_pass` varchar(250) NOT NULL,
  `user_email` varchar(250) NOT NULL,
  `user_date` timestamp NOT NULL DEFAULT CURRENT_TIMESTAMP,
  `user_ip` varchar(50) NOT NULL DEFAULT 'no'
) ENGINE=InnoDB DEFAULT CHARSET=utf8;

--
-- Indexes for dumped tables
--

--
-- Indexes for table `tbl_arating`
--
ALTER TABLE `tbl_arating`
  ADD PRIMARY KEY (`arating_id`);

--
-- Indexes for table `tbl_cast`
--
ALTER TABLE `tbl_cast`
  ADD PRIMARY KEY (`cast_id`),
  ADD UNIQUE KEY `cast_name` (`cast_name`);

--
-- Indexes for table `tbl_comments`
--
ALTER TABLE `tbl_comments`
  ADD PRIMARY KEY (`comments_id`);

--
-- Indexes for table `tbl_country`
--
ALTER TABLE `tbl_country`
  ADD PRIMARY KEY (`country_id`);

--
-- Indexes for table `tbl_director`
--
ALTER TABLE `tbl_director`
  ADD PRIMARY KEY (`director_id`);

--
-- Indexes for table `tbl_genre`
--
ALTER TABLE `tbl_genre`
  ADD PRIMARY KEY (`genre_id`);

--
-- Indexes for table `tbl_language`
--
ALTER TABLE `tbl_language`
  ADD PRIMARY KEY (`lang_id`);

--
-- Indexes for table `tbl_movies`
--
ALTER TABLE `tbl_movies`
  ADD PRIMARY KEY (`movies_id`);

--
-- Indexes for table `tbl_mov_cast`
--
ALTER TABLE `tbl_mov_cast`
  ADD PRIMARY KEY (`mov_cast_id`);

--
-- Indexes for table `tbl_mov_country`
--
ALTER TABLE `tbl_mov_country`
  ADD PRIMARY KEY (`mov_country_id`);

--
-- Indexes for table `tbl_mov_director`
--
ALTER TABLE `tbl_mov_director`
  ADD PRIMARY KEY (`mov_director_id`);

--
-- Indexes for table `tbl_mov_genre`
--
ALTER TABLE `tbl_mov_genre`
  ADD PRIMARY KEY (`mov_genre_id`);

--
-- Indexes for table `tbl_mov_lang`
--
ALTER TABLE `tbl_mov_lang`
  ADD PRIMARY KEY (`mov_lang_id`);

--
-- Indexes for table `tbl_mov_studio`
--
ALTER TABLE `tbl_mov_studio`
  ADD PRIMARY KEY (`mov_studio_id`);

--
-- Indexes for table `tbl_studio`
--
ALTER TABLE `tbl_studio`
  ADD PRIMARY KEY (`studio_id`);

--
-- Indexes for table `tbl_urating`
--
ALTER TABLE `tbl_urating`
  ADD PRIMARY KEY (`rating_id`);

--
-- Indexes for table `tbl_user`
--
ALTER TABLE `tbl_user`
  ADD PRIMARY KEY (`user_id`);

--
-- AUTO_INCREMENT for dumped tables
--

--
-- AUTO_INCREMENT for table `tbl_arating`
--
ALTER TABLE `tbl_arating`
  MODIFY `arating_id` smallint(5) UNSIGNED NOT NULL AUTO_INCREMENT, AUTO_INCREMENT=6;
--
-- AUTO_INCREMENT for table `tbl_cast`
--
ALTER TABLE `tbl_cast`
  MODIFY `cast_id` mediumint(8) UNSIGNED NOT NULL AUTO_INCREMENT, AUTO_INCREMENT=54;
--
-- AUTO_INCREMENT for table `tbl_comments`
--
ALTER TABLE `tbl_comments`
  MODIFY `comments_id` mediumint(8) UNSIGNED NOT NULL AUTO_INCREMENT, AUTO_INCREMENT=2;
--
-- AUTO_INCREMENT for table `tbl_country`
--
ALTER TABLE `tbl_country`
  MODIFY `country_id` smallint(3) NOT NULL AUTO_INCREMENT, AUTO_INCREMENT=195;
--
-- AUTO_INCREMENT for table `tbl_director`
--
ALTER TABLE `tbl_director`
  MODIFY `director_id` smallint(5) UNSIGNED NOT NULL AUTO_INCREMENT, AUTO_INCREMENT=22;
--
-- AUTO_INCREMENT for table `tbl_genre`
--
ALTER TABLE `tbl_genre`
  MODIFY `genre_id` tinyint(3) UNSIGNED NOT NULL AUTO_INCREMENT, AUTO_INCREMENT=17;
--
-- AUTO_INCREMENT for table `tbl_language`
--
ALTER TABLE `tbl_language`
  MODIFY `lang_id` smallint(5) UNSIGNED NOT NULL AUTO_INCREMENT, AUTO_INCREMENT=216;
--
-- AUTO_INCREMENT for table `tbl_movies`
--
ALTER TABLE `tbl_movies`
  MODIFY `movies_id` mediumint(8) UNSIGNED NOT NULL AUTO_INCREMENT, AUTO_INCREMENT=25;
--
-- AUTO_INCREMENT for table `tbl_mov_cast`
--
ALTER TABLE `tbl_mov_cast`
  MODIFY `mov_cast_id` mediumint(8) UNSIGNED NOT NULL AUTO_INCREMENT, AUTO_INCREMENT=54;
--
-- AUTO_INCREMENT for table `tbl_mov_country`
--
ALTER TABLE `tbl_mov_country`
  MODIFY `mov_country_id` mediumint(8) UNSIGNED NOT NULL AUTO_INCREMENT, AUTO_INCREMENT=26;
--
-- AUTO_INCREMENT for table `tbl_mov_director`
--
ALTER TABLE `tbl_mov_director`
  MODIFY `mov_director_id` mediumint(8) UNSIGNED NOT NULL AUTO_INCREMENT, AUTO_INCREMENT=22;
--
-- AUTO_INCREMENT for table `tbl_mov_genre`
--
ALTER TABLE `tbl_mov_genre`
  MODIFY `mov_genre_id` mediumint(8) UNSIGNED NOT NULL AUTO_INCREMENT, AUTO_INCREMENT=25;
--
-- AUTO_INCREMENT for table `tbl_mov_lang`
--
ALTER TABLE `tbl_mov_lang`
  MODIFY `mov_lang_id` smallint(5) UNSIGNED NOT NULL AUTO_INCREMENT, AUTO_INCREMENT=23;
--
-- AUTO_INCREMENT for table `tbl_mov_studio`
--
ALTER TABLE `tbl_mov_studio`
  MODIFY `mov_studio_id` mediumint(8) UNSIGNED NOT NULL AUTO_INCREMENT, AUTO_INCREMENT=22;
--
-- AUTO_INCREMENT for table `tbl_studio`
--
ALTER TABLE `tbl_studio`
  MODIFY `studio_id` smallint(5) UNSIGNED NOT NULL AUTO_INCREMENT, AUTO_INCREMENT=21;
--
-- AUTO_INCREMENT for table `tbl_urating`
--
ALTER TABLE `tbl_urating`
  MODIFY `rating_id` tinyint(3) UNSIGNED NOT NULL AUTO_INCREMENT;
--
-- AUTO_INCREMENT for table `tbl_user`
--
ALTER TABLE `tbl_user`
  MODIFY `user_id` mediumint(8) UNSIGNED NOT NULL AUTO_INCREMENT;
/*!40101 SET CHARACTER_SET_CLIENT=@OLD_CHARACTER_SET_CLIENT */;
/*!40101 SET CHARACTER_SET_RESULTS=@OLD_CHARACTER_SET_RESULTS */;
/*!40101 SET COLLATION_CONNECTION=@OLD_COLLATION_CONNECTION */;
